-- Sample data for 'film'
INSERT INTO film (id, tytul, opis, zdjecie_url, czas_trwania) VALUES (1, 'Incepcja', 'Thriller sci-fi o kradzieży snów', 'incepcja.png', 148);
INSERT INTO film (id, tytul, opis, zdjecie_url, czas_trwania) VALUES (2, 'Matrix', 'Cyberpunkowy klasyk z Neo', 'matrix.png', 136);
INSERT INTO film (id, tytul, opis, zdjecie_url, czas_trwania) VALUES (3, 'Interstellar', 'Podróż międzygwiezdna w poszukiwaniu nadziei', 'interstellar.png', 169);
INSERT INTO film (id, tytul, opis, zdjecie_url, czas_trwania) VALUES (4, 'Titanic', 'Tragiczna historia miłości na tle katastrofy morskiej', 'titanic.png', 195);
INSERT INTO film (id, tytul, opis, zdjecie_url, czas_trwania) VALUES (5, 'Gladiator', 'Epicka opowieść o zemście i honorze', 'gladiator.png', 155);
INSERT INTO film (id, tytul, opis, zdjecie_url, czas_trwania) VALUES (6, 'Avatar', 'Fantastyczna przygoda na Pandorze', 'avatar.png', 162);
INSERT INTO film (id, tytul, opis, zdjecie_url, czas_trwania) VALUES (7, 'Joker', 'Portret psychologiczny upadku jednostki', 'joker.png', 122);
INSERT INTO film (id, tytul, opis, zdjecie_url, czas_trwania) VALUES (8, 'Shrek', 'Zabawna opowieść o nietypowym bohaterze', 'shrek.png', 90);
INSERT INTO film (id, tytul, opis, zdjecie_url, czas_trwania) VALUES (9, 'Avengers: Endgame', 'Kulminacja walki o wszechświat', 'endgame.png', 181);
INSERT INTO film (id, tytul, opis, zdjecie_url, czas_trwania) VALUES (10, 'Toy Story', 'Animowana przygoda zabawek', 'toystory.png', 81);

-- Sample data for 'sala'
INSERT INTO sala (id, nazwa, liczba_miejsc) VALUES (1, 'Sala 1', 100);
INSERT INTO sala (id, nazwa, liczba_miejsc) VALUES (2, 'Sala 2', 80);
INSERT INTO sala (id, nazwa, liczba_miejsc) VALUES (3, 'Sala 3', 60);
INSERT INTO sala (id, nazwa, liczba_miejsc) VALUES (4, 'Sala 4', 40);
INSERT INTO sala (id, nazwa, liczba_miejsc) VALUES (5, 'Sala 5', 120);

-- Sample data for 'seans'
INSERT INTO seans (data_czas, film_id, sala_id) VALUES ('2025-06-21 10:00:00', 6, 1);
INSERT INTO seans (data_czas, film_id, sala_id) VALUES ('2025-06-21 12:00:00', 7, 1);
INSERT INTO seans (data_czas, film_id, sala_id) VALUES ('2025-06-21 14:00:00', 7, 1);
INSERT INTO seans (data_czas, film_id, sala_id) VALUES ('2025-06-21 16:00:00', 1, 1);
INSERT INTO seans (data_czas, film_id, sala_id) VALUES ('2025-06-21 18:00:00', 2, 1);
INSERT INTO seans (data_czas, film_id, sala_id) VALUES ('2025-06-21 20:00:00', 3, 1);
INSERT INTO seans (data_czas, film_id, sala_id) VALUES ('2025-06-21 22:00:00', 5, 1);
INSERT INTO seans (data_czas, film_id, sala_id) VALUES ('2025-06-21 10:00:00', 8, 2);
INSERT INTO seans (data_czas, film_id, sala_id) VALUES ('2025-06-21 12:00:00', 9, 2);
INSERT INTO seans (data_czas, film_id, sala_id) VALUES ('2025-06-21 14:00:00', 10, 2);
INSERT INTO seans (data_czas, film_id, sala_id) VALUES ('2025-06-21 16:00:00', 7, 2);
INSERT INTO seans (data_czas, film_id, sala_id) VALUES ('2025-06-21 18:00:00', 6, 2);
INSERT INTO seans (data_czas, film_id, sala_id) VALUES ('2025-06-21 20:00:00', 1, 2);
INSERT INTO seans (data_czas, film_id, sala_id) VALUES ('2025-06-21 22:00:00', 4, 2);
INSERT INTO seans (data_czas, film_id, sala_id) VALUES ('2025-06-21 10:00:00', 10, 3);
INSERT INTO seans (data_czas, film_id, sala_id) VALUES ('2025-06-21 12:00:00', 3, 3);
INSERT INTO seans (data_czas, film_id, sala_id) VALUES ('2025-06-21 14:00:00', 3, 3);
INSERT INTO seans (data_czas, film_id, sala_id) VALUES ('2025-06-21 16:00:00', 7, 3);
INSERT INTO seans (data_czas, film_id, sala_id) VALUES ('2025-06-21 18:00:00', 3, 3);
INSERT INTO seans (data_czas, film_id, sala_id) VALUES ('2025-06-21 20:00:00', 9, 3);
INSERT INTO seans (data_czas, film_id, sala_id) VALUES ('2025-06-21 22:00:00', 10, 3);
INSERT INTO seans (data_czas, film_id, sala_id) VALUES ('2025-06-21 10:00:00', 2, 4);
INSERT INTO seans (data_czas, film_id, sala_id) VALUES ('2025-06-21 12:00:00', 5, 4);
INSERT INTO seans (data_czas, film_id, sala_id) VALUES ('2025-06-21 14:00:00', 8, 4);
INSERT INTO seans (data_czas, film_id, sala_id) VALUES ('2025-06-21 16:00:00', 6, 4);
INSERT INTO seans (data_czas, film_id, sala_id) VALUES ('2025-06-21 18:00:00', 10, 4);
INSERT INTO seans (data_czas, film_id, sala_id) VALUES ('2025-06-21 20:00:00', 5, 4);
INSERT INTO seans (data_czas, film_id, sala_id) VALUES ('2025-06-21 22:00:00', 5, 4);
INSERT INTO seans (data_czas, film_id, sala_id) VALUES ('2025-06-21 10:00:00', 2, 5);
INSERT INTO seans (data_czas, film_id, sala_id) VALUES ('2025-06-21 12:00:00', 1, 5);
INSERT INTO seans (data_czas, film_id, sala_id) VALUES ('2025-06-21 14:00:00', 2, 5);
INSERT INTO seans (data_czas, film_id, sala_id) VALUES ('2025-06-21 16:00:00', 3, 5);
INSERT INTO seans (data_czas, film_id, sala_id) VALUES ('2025-06-21 18:00:00', 5, 5);
INSERT INTO seans (data_czas, film_id, sala_id) VALUES ('2025-06-21 20:00:00', 8, 5);
INSERT INTO seans (data_czas, film_id, sala_id) VALUES ('2025-06-21 22:00:00', 8, 5);
INSERT INTO seans (data_czas, film_id, sala_id) VALUES ('2025-06-22 10:00:00', 2, 1);
INSERT INTO seans (data_czas, film_id, sala_id) VALUES ('2025-06-22 12:00:00', 6, 1);
INSERT INTO seans (data_czas, film_id, sala_id) VALUES ('2025-06-22 14:00:00', 10, 1);
INSERT INTO seans (data_czas, film_id, sala_id) VALUES ('2025-06-22 16:00:00', 7, 1);
INSERT INTO seans (data_czas, film_id, sala_id) VALUES ('2025-06-22 18:00:00', 8, 1);
INSERT INTO seans (data_czas, film_id, sala_id) VALUES ('2025-06-22 20:00:00', 4, 1);
INSERT INTO seans (data_czas, film_id, sala_id) VALUES ('2025-06-22 22:00:00', 2, 1);
INSERT INTO seans (data_czas, film_id, sala_id) VALUES ('2025-06-22 10:00:00', 10, 2);
INSERT INTO seans (data_czas, film_id, sala_id) VALUES ('2025-06-22 12:00:00', 4, 2);
INSERT INTO seans (data_czas, film_id, sala_id) VALUES ('2025-06-22 14:00:00', 5, 2);
INSERT INTO seans (data_czas, film_id, sala_id) VALUES ('2025-06-22 16:00:00', 2, 2);
INSERT INTO seans (data_czas, film_id, sala_id) VALUES ('2025-06-22 18:00:00', 3, 2);
INSERT INTO seans (data_czas, film_id, sala_id) VALUES ('2025-06-22 20:00:00', 10, 2);
INSERT INTO seans (data_czas, film_id, sala_id) VALUES ('2025-06-22 22:00:00', 10, 2);
INSERT INTO seans (data_czas, film_id, sala_id) VALUES ('2025-06-22 10:00:00', 7, 3);
INSERT INTO seans (data_czas, film_id, sala_id) VALUES ('2025-06-22 12:00:00', 8, 3);
INSERT INTO seans (data_czas, film_id, sala_id) VALUES ('2025-06-22 14:00:00', 4, 3);
INSERT INTO seans (data_czas, film_id, sala_id) VALUES ('2025-06-22 16:00:00', 3, 3);
INSERT INTO seans (data_czas, film_id, sala_id) VALUES ('2025-06-22 18:00:00', 3, 3);
INSERT INTO seans (data_czas, film_id, sala_id) VALUES ('2025-06-22 20:00:00', 4, 3);
INSERT INTO seans (data_czas, film_id, sala_id) VALUES ('2025-06-22 22:00:00', 8, 3);
INSERT INTO seans (data_czas, film_id, sala_id) VALUES ('2025-06-22 10:00:00', 7, 4);
INSERT INTO seans (data_czas, film_id, sala_id) VALUES ('2025-06-22 12:00:00', 4, 4);
INSERT INTO seans (data_czas, film_id, sala_id) VALUES ('2025-06-22 14:00:00', 9, 4);
INSERT INTO seans (data_czas, film_id, sala_id) VALUES ('2025-06-22 16:00:00', 10, 4);
INSERT INTO seans (data_czas, film_id, sala_id) VALUES ('2025-06-22 18:00:00', 9, 4);
INSERT INTO seans (data_czas, film_id, sala_id) VALUES ('2025-06-22 20:00:00', 5, 4);
INSERT INTO seans (data_czas, film_id, sala_id) VALUES ('2025-06-22 22:00:00', 5, 4);
INSERT INTO seans (data_czas, film_id, sala_id) VALUES ('2025-06-22 10:00:00', 5, 5);
INSERT INTO seans (data_czas, film_id, sala_id) VALUES ('2025-06-22 12:00:00', 7, 5);
INSERT INTO seans (data_czas, film_id, sala_id) VALUES ('2025-06-22 14:00:00', 10, 5);
INSERT INTO seans (data_czas, film_id, sala_id) VALUES ('2025-06-22 16:00:00', 1, 5);
INSERT INTO seans (data_czas, film_id, sala_id) VALUES ('2025-06-22 18:00:00', 2, 5);
INSERT INTO seans (data_czas, film_id, sala_id) VALUES ('2025-06-22 20:00:00', 5, 5);
INSERT INTO seans (data_czas, film_id, sala_id) VALUES ('2025-06-22 22:00:00', 1, 5);
INSERT INTO seans (data_czas, film_id, sala_id) VALUES ('2025-06-22 10:00:00', 3, 1);
INSERT INTO seans (data_czas, film_id, sala_id) VALUES ('2025-06-23 12:00:00', 4, 1);
INSERT INTO seans (data_czas, film_id, sala_id) VALUES ('2025-06-23 14:00:00', 6, 1);
INSERT INTO seans (data_czas, film_id, sala_id) VALUES ('2025-06-23 16:00:00', 3, 1);
INSERT INTO seans (data_czas, film_id, sala_id) VALUES ('2025-06-23 18:00:00', 1, 1);
INSERT INTO seans (data_czas, film_id, sala_id) VALUES ('2025-06-23 20:00:00', 10, 1);
INSERT INTO seans (data_czas, film_id, sala_id) VALUES ('2025-06-23 22:00:00', 3, 1);
INSERT INTO seans (data_czas, film_id, sala_id) VALUES ('2025-06-23 10:00:00', 6, 2);
INSERT INTO seans (data_czas, film_id, sala_id) VALUES ('2025-06-23 12:00:00', 10, 2);
INSERT INTO seans (data_czas, film_id, sala_id) VALUES ('2025-06-23 14:00:00', 5, 2);
INSERT INTO seans (data_czas, film_id, sala_id) VALUES ('2025-06-23 16:00:00', 5, 2);
INSERT INTO seans (data_czas, film_id, sala_id) VALUES ('2025-06-23 18:00:00', 1, 2);
INSERT INTO seans (data_czas, film_id, sala_id) VALUES ('2025-06-23 20:00:00', 8, 2);
INSERT INTO seans (data_czas, film_id, sala_id) VALUES ('2025-06-23 22:00:00', 9, 2);
INSERT INTO seans (data_czas, film_id, sala_id) VALUES ('2025-06-23 10:00:00', 5, 3);
INSERT INTO seans (data_czas, film_id, sala_id) VALUES ('2025-06-23 12:00:00', 6, 3);
INSERT INTO seans (data_czas, film_id, sala_id) VALUES ('2025-06-23 14:00:00', 7, 3);
INSERT INTO seans (data_czas, film_id, sala_id) VALUES ('2025-06-23 16:00:00', 5, 3);
INSERT INTO seans (data_czas, film_id, sala_id) VALUES ('2025-06-23 18:00:00', 1, 3);
INSERT INTO seans (data_czas, film_id, sala_id) VALUES ('2025-06-23 20:00:00', 5, 3);
INSERT INTO seans (data_czas, film_id, sala_id) VALUES ('2025-06-23 22:00:00', 5, 3);
INSERT INTO seans (data_czas, film_id, sala_id) VALUES ('2025-06-23 10:00:00', 1, 4);
INSERT INTO seans (data_czas, film_id, sala_id) VALUES ('2025-06-23 12:00:00', 6, 4);
INSERT INTO seans (data_czas, film_id, sala_id) VALUES ('2025-06-23 14:00:00', 4, 4);
INSERT INTO seans (data_czas, film_id, sala_id) VALUES ('2025-06-23 16:00:00', 7, 4);
INSERT INTO seans (data_czas, film_id, sala_id) VALUES ('2025-06-23 18:00:00', 4, 4);
INSERT INTO seans (data_czas, film_id, sala_id) VALUES ('2025-06-23 20:00:00', 3, 4);
INSERT INTO seans (data_czas, film_id, sala_id) VALUES ('2025-06-23 22:00:00', 1, 4);
INSERT INTO seans (data_czas, film_id, sala_id) VALUES ('2025-06-23 10:00:00', 6, 5);
INSERT INTO seans (data_czas, film_id, sala_id) VALUES ('2025-06-23 12:00:00', 4, 5);
INSERT INTO seans (data_czas, film_id, sala_id) VALUES ('2025-06-23 14:00:00', 7, 5);
INSERT INTO seans (data_czas, film_id, sala_id) VALUES ('2025-06-23 16:00:00', 8, 5);
INSERT INTO seans (data_czas, film_id, sala_id) VALUES ('2025-06-23 18:00:00', 2, 5);
INSERT INTO seans (data_czas, film_id, sala_id) VALUES ('2025-06-23 20:00:00', 6, 5);
INSERT INTO seans (data_czas, film_id, sala_id) VALUES ('2025-06-23 22:00:00', 3, 5);
INSERT INTO seans (data_czas, film_id, sala_id) VALUES ('2025-06-24 10:00:00', 1, 1);
INSERT INTO seans (data_czas, film_id, sala_id) VALUES ('2025-06-24 12:00:00', 4, 1);
INSERT INTO seans (data_czas, film_id, sala_id) VALUES ('2025-06-24 14:00:00', 9, 1);
INSERT INTO seans (data_czas, film_id, sala_id) VALUES ('2025-06-24 16:00:00', 4, 1);
INSERT INTO seans (data_czas, film_id, sala_id) VALUES ('2025-06-24 18:00:00', 5, 1);
INSERT INTO seans (data_czas, film_id, sala_id) VALUES ('2025-06-24 20:00:00', 8, 1);
INSERT INTO seans (data_czas, film_id, sala_id) VALUES ('2025-06-24 22:00:00', 7, 1);
INSERT INTO seans (data_czas, film_id, sala_id) VALUES ('2025-06-24 10:00:00', 10, 2);
INSERT INTO seans (data_czas, film_id, sala_id) VALUES ('2025-06-24 12:00:00', 6, 2);
INSERT INTO seans (data_czas, film_id, sala_id) VALUES ('2025-06-24 14:00:00', 3, 2);
INSERT INTO seans (data_czas, film_id, sala_id) VALUES ('2025-06-24 16:00:00', 10, 2);
INSERT INTO seans (data_czas, film_id, sala_id) VALUES ('2025-06-24 18:00:00', 10, 2);
INSERT INTO seans (data_czas, film_id, sala_id) VALUES ('2025-06-24 20:00:00', 9, 2);
INSERT INTO seans (data_czas, film_id, sala_id) VALUES ('2025-06-24 22:00:00', 8, 2);
INSERT INTO seans (data_czas, film_id, sala_id) VALUES ('2025-06-24 10:00:00', 8, 3);
INSERT INTO seans (data_czas, film_id, sala_id) VALUES ('2025-06-24 12:00:00', 7, 3);
INSERT INTO seans (data_czas, film_id, sala_id) VALUES ('2025-06-24 14:00:00', 6, 3);
INSERT INTO seans (data_czas, film_id, sala_id) VALUES ('2025-06-24 16:00:00', 5, 3);
INSERT INTO seans (data_czas, film_id, sala_id) VALUES ('2025-06-24 18:00:00', 3, 3);
INSERT INTO seans (data_czas, film_id, sala_id) VALUES ('2025-06-24 20:00:00', 10, 3);
INSERT INTO seans (data_czas, film_id, sala_id) VALUES ('2025-06-24 22:00:00', 8, 3);
INSERT INTO seans (data_czas, film_id, sala_id) VALUES ('2025-06-24 10:00:00', 10, 4);
INSERT INTO seans (data_czas, film_id, sala_id) VALUES ('2025-06-24 12:00:00', 7, 4);
INSERT INTO seans (data_czas, film_id, sala_id) VALUES ('2025-06-24 14:00:00', 7, 4);
INSERT INTO seans (data_czas, film_id, sala_id) VALUES ('2025-06-24 16:00:00', 5, 4);
INSERT INTO seans (data_czas, film_id, sala_id) VALUES ('2025-06-24 18:00:00', 9, 4);
INSERT INTO seans (data_czas, film_id, sala_id) VALUES ('2025-06-24 20:00:00', 2, 4);
INSERT INTO seans (data_czas, film_id, sala_id) VALUES ('2025-06-24 22:00:00', 7, 4);
INSERT INTO seans (data_czas, film_id, sala_id) VALUES ('2025-06-24 10:00:00', 6, 5);
INSERT INTO seans (data_czas, film_id, sala_id) VALUES ('2025-06-24 12:00:00', 3, 5);
INSERT INTO seans (data_czas, film_id, sala_id) VALUES ('2025-06-24 14:00:00', 2, 5);
INSERT INTO seans (data_czas, film_id, sala_id) VALUES ('2025-06-24 16:00:00', 4, 5);
INSERT INTO seans (data_czas, film_id, sala_id) VALUES ('2025-06-24 18:00:00', 7, 5);
INSERT INTO seans (data_czas, film_id, sala_id) VALUES ('2025-06-24 20:00:00', 10, 5);
INSERT INTO seans (data_czas, film_id, sala_id) VALUES ('2025-06-24 22:00:00', 3, 5);
INSERT INTO seans (data_czas, film_id, sala_id) VALUES ('2025-06-25 10:00:00', 9, 1);
INSERT INTO seans (data_czas, film_id, sala_id) VALUES ('2025-06-25 12:00:00', 9, 1);
INSERT INTO seans (data_czas, film_id, sala_id) VALUES ('2025-06-25 14:00:00', 4, 1);
INSERT INTO seans (data_czas, film_id, sala_id) VALUES ('2025-06-25 16:00:00', 10, 1);
INSERT INTO seans (data_czas, film_id, sala_id) VALUES ('2025-06-25 18:00:00', 1, 1);
INSERT INTO seans (data_czas, film_id, sala_id) VALUES ('2025-06-25 20:00:00', 5, 1);
INSERT INTO seans (data_czas, film_id, sala_id) VALUES ('2025-06-25 22:00:00', 9, 1);
INSERT INTO seans (data_czas, film_id, sala_id) VALUES ('2025-06-25 10:00:00', 5, 2);
INSERT INTO seans (data_czas, film_id, sala_id) VALUES ('2025-06-25 12:00:00', 9, 2);
INSERT INTO seans (data_czas, film_id, sala_id) VALUES ('2025-06-25 14:00:00', 10, 2);
INSERT INTO seans (data_czas, film_id, sala_id) VALUES ('2025-06-25 16:00:00', 10, 2);
INSERT INTO seans (data_czas, film_id, sala_id) VALUES ('2025-06-25 18:00:00', 10, 2);
INSERT INTO seans (data_czas, film_id, sala_id) VALUES ('2025-06-25 20:00:00', 9, 2);
INSERT INTO seans (data_czas, film_id, sala_id) VALUES ('2025-06-25 22:00:00', 8, 2);
INSERT INTO seans (data_czas, film_id, sala_id) VALUES ('2025-06-25 10:00:00', 5, 3);
INSERT INTO seans (data_czas, film_id, sala_id) VALUES ('2025-06-25 12:00:00', 9, 3);
INSERT INTO seans (data_czas, film_id, sala_id) VALUES ('2025-06-25 14:00:00', 5, 3);
INSERT INTO seans (data_czas, film_id, sala_id) VALUES ('2025-06-25 16:00:00', 9, 3);
INSERT INTO seans (data_czas, film_id, sala_id) VALUES ('2025-06-25 18:00:00', 9, 3);
INSERT INTO seans (data_czas, film_id, sala_id) VALUES ('2025-06-25 20:00:00', 5, 3);
INSERT INTO seans (data_czas, film_id, sala_id) VALUES ('2025-06-25 22:00:00', 5, 3);
INSERT INTO seans (data_czas, film_id, sala_id) VALUES ('2025-06-25 10:00:00', 1, 4);
INSERT INTO seans (data_czas, film_id, sala_id) VALUES ('2025-06-25 12:00:00', 7, 4);
INSERT INTO seans (data_czas, film_id, sala_id) VALUES ('2025-06-25 14:00:00', 8, 4);
INSERT INTO seans (data_czas, film_id, sala_id) VALUES ('2025-06-25 16:00:00', 1, 4);
INSERT INTO seans (data_czas, film_id, sala_id) VALUES ('2025-06-25 18:00:00', 8, 4);
INSERT INTO seans (data_czas, film_id, sala_id) VALUES ('2025-06-25 20:00:00', 6, 4);
INSERT INTO seans (data_czas, film_id, sala_id) VALUES ('2025-06-25 22:00:00', 10, 4);
INSERT INTO seans (data_czas, film_id, sala_id) VALUES ('2025-06-25 10:00:00', 6, 5);
INSERT INTO seans (data_czas, film_id, sala_id) VALUES ('2025-06-25 12:00:00', 9, 5);
INSERT INTO seans (data_czas, film_id, sala_id) VALUES ('2025-06-25 14:00:00', 10, 5);
INSERT INTO seans (data_czas, film_id, sala_id) VALUES ('2025-06-25 16:00:00', 2, 5);
INSERT INTO seans (data_czas, film_id, sala_id) VALUES ('2025-06-25 18:00:00', 1, 5);
INSERT INTO seans (data_czas, film_id, sala_id) VALUES ('2025-06-25 20:00:00', 6, 5);
INSERT INTO seans (data_czas, film_id, sala_id) VALUES ('2025-06-25 22:00:00', 1, 5);
INSERT INTO seans (data_czas, film_id, sala_id) VALUES ('2025-06-26 10:00:00', 10, 1);
INSERT INTO seans (data_czas, film_id, sala_id) VALUES ('2025-06-26 12:00:00', 4, 1);
INSERT INTO seans (data_czas, film_id, sala_id) VALUES ('2025-06-26 14:00:00', 3, 1);
INSERT INTO seans (data_czas, film_id, sala_id) VALUES ('2025-06-26 16:00:00', 2, 1);
INSERT INTO seans (data_czas, film_id, sala_id) VALUES ('2025-06-26 18:00:00', 9, 1);
INSERT INTO seans (data_czas, film_id, sala_id) VALUES ('2025-06-26 20:00:00', 8, 1);
INSERT INTO seans (data_czas, film_id, sala_id) VALUES ('2025-06-26 22:00:00', 4, 1);
INSERT INTO seans (data_czas, film_id, sala_id) VALUES ('2025-06-26 10:00:00', 8, 2);
INSERT INTO seans (data_czas, film_id, sala_id) VALUES ('2025-06-26 12:00:00', 5, 2);
INSERT INTO seans (data_czas, film_id, sala_id) VALUES ('2025-06-26 14:00:00', 3, 2);
INSERT INTO seans (data_czas, film_id, sala_id) VALUES ('2025-06-26 16:00:00', 2, 2);
INSERT INTO seans (data_czas, film_id, sala_id) VALUES ('2025-06-26 18:00:00', 5, 2);
INSERT INTO seans (data_czas, film_id, sala_id) VALUES ('2025-06-26 20:00:00', 10, 2);
INSERT INTO seans (data_czas, film_id, sala_id) VALUES ('2025-06-26 22:00:00', 1, 2);
INSERT INTO seans (data_czas, film_id, sala_id) VALUES ('2025-06-26 10:00:00', 3, 3);
INSERT INTO seans (data_czas, film_id, sala_id) VALUES ('2025-06-26 12:00:00', 1, 3);
INSERT INTO seans (data_czas, film_id, sala_id) VALUES ('2025-06-26 14:00:00', 6, 3);
INSERT INTO seans (data_czas, film_id, sala_id) VALUES ('2025-06-26 16:00:00', 7, 3);
INSERT INTO seans (data_czas, film_id, sala_id) VALUES ('2025-06-26 18:00:00', 1, 3);
INSERT INTO seans (data_czas, film_id, sala_id) VALUES ('2025-06-26 20:00:00', 6, 3);
INSERT INTO seans (data_czas, film_id, sala_id) VALUES ('2025-06-26 22:00:00', 3, 3);
INSERT INTO seans (data_czas, film_id, sala_id) VALUES ('2025-06-26 10:00:00', 4, 4);
INSERT INTO seans (data_czas, film_id, sala_id) VALUES ('2025-06-26 12:00:00', 2, 4);
INSERT INTO seans (data_czas, film_id, sala_id) VALUES ('2025-06-26 14:00:00', 5, 4);
INSERT INTO seans (data_czas, film_id, sala_id) VALUES ('2025-06-26 16:00:00', 1, 4);
INSERT INTO seans (data_czas, film_id, sala_id) VALUES ('2025-06-26 18:00:00', 4, 4);
INSERT INTO seans (data_czas, film_id, sala_id) VALUES ('2025-06-26 20:00:00', 10, 4);
INSERT INTO seans (data_czas, film_id, sala_id) VALUES ('2025-06-26 22:00:00', 9, 4);
INSERT INTO seans (data_czas, film_id, sala_id) VALUES ('2025-06-26 10:00:00', 3, 5);
INSERT INTO seans (data_czas, film_id, sala_id) VALUES ('2025-06-26 12:00:00', 8, 5);
INSERT INTO seans (data_czas, film_id, sala_id) VALUES ('2025-06-26 14:00:00', 4, 5);
INSERT INTO seans (data_czas, film_id, sala_id) VALUES ('2025-06-26 16:00:00', 10, 5);
INSERT INTO seans (data_czas, film_id, sala_id) VALUES ('2025-06-26 18:00:00', 3, 5);
INSERT INTO seans (data_czas, film_id, sala_id) VALUES ('2025-06-26 20:00:00', 1, 5);
INSERT INTO seans (data_czas, film_id, sala_id) VALUES ('2025-06-26 22:00:00', 3, 5);
INSERT INTO seans (data_czas, film_id, sala_id) VALUES ('2025-06-27 10:00:00', 3, 1);
INSERT INTO seans (data_czas, film_id, sala_id) VALUES ('2025-06-27 12:00:00', 10, 1);
INSERT INTO seans (data_czas, film_id, sala_id) VALUES ('2025-06-27 14:00:00', 1, 1);
INSERT INTO seans (data_czas, film_id, sala_id) VALUES ('2025-06-27 16:00:00', 8, 1);
INSERT INTO seans (data_czas, film_id, sala_id) VALUES ('2025-06-27 18:00:00', 3, 1);
INSERT INTO seans (data_czas, film_id, sala_id) VALUES ('2025-06-27 20:00:00', 2, 1);
INSERT INTO seans (data_czas, film_id, sala_id) VALUES ('2025-06-27 22:00:00', 2, 1);
INSERT INTO seans (data_czas, film_id, sala_id) VALUES ('2025-06-27 10:00:00', 9, 2);
INSERT INTO seans (data_czas, film_id, sala_id) VALUES ('2025-06-27 12:00:00', 10, 2);
INSERT INTO seans (data_czas, film_id, sala_id) VALUES ('2025-06-27 14:00:00', 5, 2);
INSERT INTO seans (data_czas, film_id, sala_id) VALUES ('2025-06-27 16:00:00', 5, 2);
INSERT INTO seans (data_czas, film_id, sala_id) VALUES ('2025-06-27 18:00:00', 8, 2);
INSERT INTO seans (data_czas, film_id, sala_id) VALUES ('2025-06-27 20:00:00', 7, 2);
INSERT INTO seans (data_czas, film_id, sala_id) VALUES ('2025-06-27 22:00:00', 5, 2);
INSERT INTO seans (data_czas, film_id, sala_id) VALUES ('2025-06-27 10:00:00', 7, 3);
INSERT INTO seans (data_czas, film_id, sala_id) VALUES ('2025-06-27 12:00:00', 5, 3);
INSERT INTO seans (data_czas, film_id, sala_id) VALUES ('2025-06-27 14:00:00', 1, 3);
INSERT INTO seans (data_czas, film_id, sala_id) VALUES ('2025-06-27 16:00:00', 5, 3);
INSERT INTO seans (data_czas, film_id, sala_id) VALUES ('2025-06-27 18:00:00', 6, 3);
INSERT INTO seans (data_czas, film_id, sala_id) VALUES ('2025-06-27 20:00:00', 9, 3);
INSERT INTO seans (data_czas, film_id, sala_id) VALUES ('2025-06-27 22:00:00', 6, 3);
INSERT INTO seans (data_czas, film_id, sala_id) VALUES ('2025-06-27 10:00:00', 9, 4);
INSERT INTO seans (data_czas, film_id, sala_id) VALUES ('2025-06-27 12:00:00', 2, 4);
INSERT INTO seans (data_czas, film_id, sala_id) VALUES ('2025-06-27 14:00:00', 1, 4);
INSERT INTO seans (data_czas, film_id, sala_id) VALUES ('2025-06-27 16:00:00', 6, 4);
INSERT INTO seans (data_czas, film_id, sala_id) VALUES ('2025-06-27 18:00:00', 3, 4);
INSERT INTO seans (data_czas, film_id, sala_id) VALUES ('2025-06-27 20:00:00', 3, 4);
INSERT INTO seans (data_czas, film_id, sala_id) VALUES ('2025-06-27 22:00:00', 5, 4);
INSERT INTO seans (data_czas, film_id, sala_id) VALUES ('2025-06-27 10:00:00', 10, 5);
INSERT INTO seans (data_czas, film_id, sala_id) VALUES ('2025-06-27 12:00:00', 10, 5);
INSERT INTO seans (data_czas, film_id, sala_id) VALUES ('2025-06-27 14:00:00', 3, 5);
INSERT INTO seans (data_czas, film_id, sala_id) VALUES ('2025-06-27 16:00:00', 6, 5);
INSERT INTO seans (data_czas, film_id, sala_id) VALUES ('2025-06-27 18:00:00', 5, 5);
INSERT INTO seans (data_czas, film_id, sala_id) VALUES ('2025-06-27 20:00:00', 9, 5);
INSERT INTO seans (data_czas, film_id, sala_id) VALUES ('2025-06-27 22:00:00', 1, 5);
INSERT INTO seans (data_czas, film_id, sala_id) VALUES ('2025-06-28 10:00:00', 10, 1);
INSERT INTO seans (data_czas, film_id, sala_id) VALUES ('2025-06-28 12:00:00', 8, 1);
INSERT INTO seans (data_czas, film_id, sala_id) VALUES ('2025-06-28 14:00:00', 6, 1);
INSERT INTO seans (data_czas, film_id, sala_id) VALUES ('2025-06-28 16:00:00', 2, 1);
INSERT INTO seans (data_czas, film_id, sala_id) VALUES ('2025-06-28 18:00:00', 8, 1);
INSERT INTO seans (data_czas, film_id, sala_id) VALUES ('2025-06-28 20:00:00', 5, 1);
INSERT INTO seans (data_czas, film_id, sala_id) VALUES ('2025-06-28 22:00:00', 9, 1);
INSERT INTO seans (data_czas, film_id, sala_id) VALUES ('2025-06-28 10:00:00', 2, 2);
INSERT INTO seans (data_czas, film_id, sala_id) VALUES ('2025-06-28 12:00:00', 7, 2);
INSERT INTO seans (data_czas, film_id, sala_id) VALUES ('2025-06-28 14:00:00', 6, 2);
INSERT INTO seans (data_czas, film_id, sala_id) VALUES ('2025-06-28 16:00:00', 5, 2);
INSERT INTO seans (data_czas, film_id, sala_id) VALUES ('2025-06-28 18:00:00', 8, 2);
INSERT INTO seans (data_czas, film_id, sala_id) VALUES ('2025-06-28 20:00:00', 7, 2);
INSERT INTO seans (data_czas, film_id, sala_id) VALUES ('2025-06-28 22:00:00', 2, 2);
INSERT INTO seans (data_czas, film_id, sala_id) VALUES ('2025-06-28 10:00:00', 5, 3);
INSERT INTO seans (data_czas, film_id, sala_id) VALUES ('2025-06-28 12:00:00', 9, 3);
INSERT INTO seans (data_czas, film_id, sala_id) VALUES ('2025-06-28 14:00:00', 10, 3);
INSERT INTO seans (data_czas, film_id, sala_id) VALUES ('2025-06-28 16:00:00', 2, 3);
INSERT INTO seans (data_czas, film_id, sala_id) VALUES ('2025-06-28 18:00:00', 7, 3);
INSERT INTO seans (data_czas, film_id, sala_id) VALUES ('2025-06-28 20:00:00', 2, 3);
INSERT INTO seans (data_czas, film_id, sala_id) VALUES ('2025-06-28 22:00:00', 7, 3);
INSERT INTO seans (data_czas, film_id, sala_id) VALUES ('2025-06-28 10:00:00', 5, 4);
INSERT INTO seans (data_czas, film_id, sala_id) VALUES ('2025-06-28 12:00:00', 4, 4);
INSERT INTO seans (data_czas, film_id, sala_id) VALUES ('2025-06-28 14:00:00', 2, 4);
INSERT INTO seans (data_czas, film_id, sala_id) VALUES ('2025-06-28 16:00:00', 7, 4);
INSERT INTO seans (data_czas, film_id, sala_id) VALUES ('2025-06-28 18:00:00', 3, 4);
INSERT INTO seans (data_czas, film_id, sala_id) VALUES ('2025-06-28 20:00:00', 4, 4);
INSERT INTO seans (data_czas, film_id, sala_id) VALUES ('2025-06-28 22:00:00', 1, 4);
INSERT INTO seans (data_czas, film_id, sala_id) VALUES ('2025-06-28 10:00:00', 8, 5);
INSERT INTO seans (data_czas, film_id, sala_id) VALUES ('2025-06-28 12:00:00', 8, 5);
INSERT INTO seans (data_czas, film_id, sala_id) VALUES ('2025-06-28 14:00:00', 3, 5);
INSERT INTO seans (data_czas, film_id, sala_id) VALUES ('2025-06-28 16:00:00', 9, 5);
INSERT INTO seans (data_czas, film_id, sala_id) VALUES ('2025-06-28 18:00:00', 4, 5);
INSERT INTO seans (data_czas, film_id, sala_id) VALUES ('2025-06-28 20:00:00', 10, 5);
INSERT INTO seans (data_czas, film_id, sala_id) VALUES ('2025-06-28 22:00:00', 8, 5);
INSERT INTO seans (data_czas, film_id, sala_id) VALUES ('2025-06-29 10:00:00', 6, 1);
INSERT INTO seans (data_czas, film_id, sala_id) VALUES ('2025-06-29 12:00:00', 6, 1);
INSERT INTO seans (data_czas, film_id, sala_id) VALUES ('2025-06-29 14:00:00', 6, 1);
INSERT INTO seans (data_czas, film_id, sala_id) VALUES ('2025-06-29 16:00:00', 9, 1);
INSERT INTO seans (data_czas, film_id, sala_id) VALUES ('2025-06-29 18:00:00', 4, 1);
INSERT INTO seans (data_czas, film_id, sala_id) VALUES ('2025-06-29 20:00:00', 8, 1);
INSERT INTO seans (data_czas, film_id, sala_id) VALUES ('2025-06-29 22:00:00', 3, 1);
INSERT INTO seans (data_czas, film_id, sala_id) VALUES ('2025-06-29 10:00:00', 6, 2);
INSERT INTO seans (data_czas, film_id, sala_id) VALUES ('2025-06-29 12:00:00', 7, 2);
INSERT INTO seans (data_czas, film_id, sala_id) VALUES ('2025-06-29 14:00:00', 9, 2);
INSERT INTO seans (data_czas, film_id, sala_id) VALUES ('2025-06-29 16:00:00', 7, 2);
INSERT INTO seans (data_czas, film_id, sala_id) VALUES ('2025-06-29 18:00:00', 9, 2);
INSERT INTO seans (data_czas, film_id, sala_id) VALUES ('2025-06-29 20:00:00', 7, 2);
INSERT INTO seans (data_czas, film_id, sala_id) VALUES ('2025-06-29 22:00:00', 10, 2);
INSERT INTO seans (data_czas, film_id, sala_id) VALUES ('2025-06-29 10:00:00', 6, 3);
INSERT INTO seans (data_czas, film_id, sala_id) VALUES ('2025-06-29 12:00:00', 3, 3);
INSERT INTO seans (data_czas, film_id, sala_id) VALUES ('2025-06-29 14:00:00', 2, 3);
INSERT INTO seans (data_czas, film_id, sala_id) VALUES ('2025-06-29 16:00:00', 5, 3);
INSERT INTO seans (data_czas, film_id, sala_id) VALUES ('2025-06-29 18:00:00', 9, 3);
INSERT INTO seans (data_czas, film_id, sala_id) VALUES ('2025-06-29 20:00:00', 3, 3);
INSERT INTO seans (data_czas, film_id, sala_id) VALUES ('2025-06-29 22:00:00', 4, 3);
INSERT INTO seans (data_czas, film_id, sala_id) VALUES ('2025-06-29 10:00:00', 10, 4);
INSERT INTO seans (data_czas, film_id, sala_id) VALUES ('2025-06-29 12:00:00', 2, 4);
INSERT INTO seans (data_czas, film_id, sala_id) VALUES ('2025-06-29 14:00:00', 2, 4);
INSERT INTO seans (data_czas, film_id, sala_id) VALUES ('2025-06-29 16:00:00', 3, 4);
INSERT INTO seans (data_czas, film_id, sala_id) VALUES ('2025-06-29 18:00:00', 9, 4);
INSERT INTO seans (data_czas, film_id, sala_id) VALUES ('2025-06-29 20:00:00', 8, 4);
INSERT INTO seans (data_czas, film_id, sala_id) VALUES ('2025-06-29 22:00:00', 8, 4);
INSERT INTO seans (data_czas, film_id, sala_id) VALUES ('2025-06-29 10:00:00', 10, 5);
INSERT INTO seans (data_czas, film_id, sala_id) VALUES ('2025-06-29 12:00:00', 5, 5);
INSERT INTO seans (data_czas, film_id, sala_id) VALUES ('2025-06-29 14:00:00', 9, 5);
INSERT INTO seans (data_czas, film_id, sala_id) VALUES ('2025-06-29 16:00:00', 4, 5);
INSERT INTO seans (data_czas, film_id, sala_id) VALUES ('2025-06-29 18:00:00', 7, 5);
INSERT INTO seans (data_czas, film_id, sala_id) VALUES ('2025-06-29 20:00:00', 7, 5);
INSERT INTO seans (data_czas, film_id, sala_id) VALUES ('2025-06-29 22:00:00', 5, 5);
INSERT INTO seans (data_czas, film_id, sala_id) VALUES ('2025-06-30 10:00:00', 4, 1);
INSERT INTO seans (data_czas, film_id, sala_id) VALUES ('2025-06-30 12:00:00', 10, 1);
INSERT INTO seans (data_czas, film_id, sala_id) VALUES ('2025-06-30 14:00:00', 9, 1);
INSERT INTO seans (data_czas, film_id, sala_id) VALUES ('2025-06-30 16:00:00', 2, 1);
INSERT INTO seans (data_czas, film_id, sala_id) VALUES ('2025-06-30 18:00:00', 8, 1);
INSERT INTO seans (data_czas, film_id, sala_id) VALUES ('2025-06-30 20:00:00', 6, 1);
INSERT INTO seans (data_czas, film_id, sala_id) VALUES ('2025-06-30 22:00:00', 8, 1);
INSERT INTO seans (data_czas, film_id, sala_id) VALUES ('2025-06-30 10:00:00', 2, 2);
INSERT INTO seans (data_czas, film_id, sala_id) VALUES ('2025-06-30 12:00:00', 9, 2);
INSERT INTO seans (data_czas, film_id, sala_id) VALUES ('2025-06-30 14:00:00', 10, 2);
INSERT INTO seans (data_czas, film_id, sala_id) VALUES ('2025-06-30 16:00:00', 1, 2);
INSERT INTO seans (data_czas, film_id, sala_id) VALUES ('2025-06-30 18:00:00', 1, 2);
INSERT INTO seans (data_czas, film_id, sala_id) VALUES ('2025-06-30 20:00:00', 5, 2);
INSERT INTO seans (data_czas, film_id, sala_id) VALUES ('2025-06-30 22:00:00', 7, 2);
INSERT INTO seans (data_czas, film_id, sala_id) VALUES ('2025-06-30 10:00:00', 5, 3);
INSERT INTO seans (data_czas, film_id, sala_id) VALUES ('2025-06-30 12:00:00', 8, 3);
INSERT INTO seans (data_czas, film_id, sala_id) VALUES ('2025-06-30 14:00:00', 10, 3);
INSERT INTO seans (data_czas, film_id, sala_id) VALUES ('2025-06-30 16:00:00', 9, 3);
INSERT INTO seans (data_czas, film_id, sala_id) VALUES ('2025-06-30 18:00:00', 1, 3);
INSERT INTO seans (data_czas, film_id, sala_id) VALUES ('2025-06-30 20:00:00', 5, 3);
INSERT INTO seans (data_czas, film_id, sala_id) VALUES ('2025-06-30 22:00:00', 6, 3);
INSERT INTO seans (data_czas, film_id, sala_id) VALUES ('2025-06-30 10:00:00', 8, 4);
INSERT INTO seans (data_czas, film_id, sala_id) VALUES ('2025-06-30 12:00:00', 2, 4);
INSERT INTO seans (data_czas, film_id, sala_id) VALUES ('2025-06-30 14:00:00', 3, 4);
INSERT INTO seans (data_czas, film_id, sala_id) VALUES ('2025-06-30 16:00:00', 7, 4);
INSERT INTO seans (data_czas, film_id, sala_id) VALUES ('2025-06-30 18:00:00', 1, 4);
INSERT INTO seans (data_czas, film_id, sala_id) VALUES ('2025-06-30 20:00:00', 6, 4);
INSERT INTO seans (data_czas, film_id, sala_id) VALUES ('2025-06-30 22:00:00', 2, 4);
INSERT INTO seans (data_czas, film_id, sala_id) VALUES ('2025-06-30 10:00:00', 9, 5);
INSERT INTO seans (data_czas, film_id, sala_id) VALUES ('2025-06-30 12:00:00', 6, 5);
INSERT INTO seans (data_czas, film_id, sala_id) VALUES ('2025-06-30 14:00:00', 3, 5);
INSERT INTO seans (data_czas, film_id, sala_id) VALUES ('2025-06-30 16:00:00', 7, 5);
INSERT INTO seans (data_czas, film_id, sala_id) VALUES ('2025-06-30 18:00:00', 5, 5);
INSERT INTO seans (data_czas, film_id, sala_id) VALUES ('2025-06-30 20:00:00', 4, 5);
INSERT INTO seans (data_czas, film_id, sala_id) VALUES ('2025-06-30 22:00:00', 6, 5);
INSERT INTO seans (data_czas, film_id, sala_id) VALUES ('2025-07-01 10:00:00', 3, 1);
INSERT INTO seans (data_czas, film_id, sala_id) VALUES ('2025-07-01 12:00:00', 9, 1);
INSERT INTO seans (data_czas, film_id, sala_id) VALUES ('2025-07-01 14:00:00', 4, 1);
INSERT INTO seans (data_czas, film_id, sala_id) VALUES ('2025-07-01 16:00:00', 2, 1);
INSERT INTO seans (data_czas, film_id, sala_id) VALUES ('2025-07-01 18:00:00', 3, 1);
INSERT INTO seans (data_czas, film_id, sala_id) VALUES ('2025-07-01 20:00:00', 4, 1);
INSERT INTO seans (data_czas, film_id, sala_id) VALUES ('2025-07-01 22:00:00', 9, 1);
INSERT INTO seans (data_czas, film_id, sala_id) VALUES ('2025-07-01 10:00:00', 2, 2);
INSERT INTO seans (data_czas, film_id, sala_id) VALUES ('2025-07-01 12:00:00', 5, 2);
INSERT INTO seans (data_czas, film_id, sala_id) VALUES ('2025-07-01 14:00:00', 4, 2);
INSERT INTO seans (data_czas, film_id, sala_id) VALUES ('2025-07-01 16:00:00', 9, 2);
INSERT INTO seans (data_czas, film_id, sala_id) VALUES ('2025-07-01 18:00:00', 1, 2);
INSERT INTO seans (data_czas, film_id, sala_id) VALUES ('2025-07-01 20:00:00', 7, 2);
INSERT INTO seans (data_czas, film_id, sala_id) VALUES ('2025-07-01 22:00:00', 3, 2);
INSERT INTO seans (data_czas, film_id, sala_id) VALUES ('2025-07-01 10:00:00', 5, 3);
INSERT INTO seans (data_czas, film_id, sala_id) VALUES ('2025-07-01 12:00:00', 5, 3);
INSERT INTO seans (data_czas, film_id, sala_id) VALUES ('2025-07-01 14:00:00', 5, 3);
INSERT INTO seans (data_czas, film_id, sala_id) VALUES ('2025-07-01 16:00:00', 3, 3);
INSERT INTO seans (data_czas, film_id, sala_id) VALUES ('2025-07-01 18:00:00', 3, 3);
INSERT INTO seans (data_czas, film_id, sala_id) VALUES ('2025-07-01 20:00:00', 5, 3);
INSERT INTO seans (data_czas, film_id, sala_id) VALUES ('2025-07-01 22:00:00', 5, 3);
INSERT INTO seans (data_czas, film_id, sala_id) VALUES ('2025-07-01 10:00:00', 4, 4);
INSERT INTO seans (data_czas, film_id, sala_id) VALUES ('2025-07-01 12:00:00', 2, 4);
INSERT INTO seans (data_czas, film_id, sala_id) VALUES ('2025-07-01 14:00:00', 10, 4);
INSERT INTO seans (data_czas, film_id, sala_id) VALUES ('2025-07-01 16:00:00', 1, 4);
INSERT INTO seans (data_czas, film_id, sala_id) VALUES ('2025-07-01 18:00:00', 5, 4);
INSERT INTO seans (data_czas, film_id, sala_id) VALUES ('2025-07-01 20:00:00', 8, 4);
INSERT INTO seans (data_czas, film_id, sala_id) VALUES ('2025-07-01 22:00:00', 5, 4);
INSERT INTO seans (data_czas, film_id, sala_id) VALUES ('2025-07-01 10:00:00', 5, 5);
INSERT INTO seans (data_czas, film_id, sala_id) VALUES ('2025-07-01 12:00:00', 4, 5);
INSERT INTO seans (data_czas, film_id, sala_id) VALUES ('2025-07-01 14:00:00', 6, 5);
INSERT INTO seans (data_czas, film_id, sala_id) VALUES ('2025-07-01 16:00:00', 10, 5);
INSERT INTO seans (data_czas, film_id, sala_id) VALUES ('2025-07-01 18:00:00', 4, 5);
INSERT INTO seans (data_czas, film_id, sala_id) VALUES ('2025-07-01 20:00:00', 10, 5);
INSERT INTO seans (data_czas, film_id, sala_id) VALUES ('2025-07-01 22:00:00', 7, 5);
INSERT INTO seans (data_czas, film_id, sala_id) VALUES ('2025-07-02 10:00:00', 5, 1);
INSERT INTO seans (data_czas, film_id, sala_id) VALUES ('2025-07-02 12:00:00', 10, 1);
INSERT INTO seans (data_czas, film_id, sala_id) VALUES ('2025-07-02 14:00:00', 8, 1);
INSERT INTO seans (data_czas, film_id, sala_id) VALUES ('2025-07-02 16:00:00', 10, 1);
INSERT INTO seans (data_czas, film_id, sala_id) VALUES ('2025-07-02 18:00:00', 3, 1);
INSERT INTO seans (data_czas, film_id, sala_id) VALUES ('2025-07-02 20:00:00', 6, 1);
INSERT INTO seans (data_czas, film_id, sala_id) VALUES ('2025-07-02 22:00:00', 9, 1);
INSERT INTO seans (data_czas, film_id, sala_id) VALUES ('2025-07-02 10:00:00', 1, 2);
INSERT INTO seans (data_czas, film_id, sala_id) VALUES ('2025-07-02 12:00:00', 9, 2);
INSERT INTO seans (data_czas, film_id, sala_id) VALUES ('2025-07-02 14:00:00', 7, 2);
INSERT INTO seans (data_czas, film_id, sala_id) VALUES ('2025-07-02 16:00:00', 5, 2);
INSERT INTO seans (data_czas, film_id, sala_id) VALUES ('2025-07-02 18:00:00', 4, 2);
INSERT INTO seans (data_czas, film_id, sala_id) VALUES ('2025-07-02 20:00:00', 1, 2);
INSERT INTO seans (data_czas, film_id, sala_id) VALUES ('2025-07-02 22:00:00', 6, 2);
INSERT INTO seans (data_czas, film_id, sala_id) VALUES ('2025-07-02 10:00:00', 1, 3);
INSERT INTO seans (data_czas, film_id, sala_id) VALUES ('2025-07-02 12:00:00', 3, 3);
INSERT INTO seans (data_czas, film_id, sala_id) VALUES ('2025-07-02 14:00:00', 4, 3);
INSERT INTO seans (data_czas, film_id, sala_id) VALUES ('2025-07-02 16:00:00', 9, 3);
INSERT INTO seans (data_czas, film_id, sala_id) VALUES ('2025-07-02 18:00:00', 2, 3);
INSERT INTO seans (data_czas, film_id, sala_id) VALUES ('2025-07-02 20:00:00', 7, 3);
INSERT INTO seans (data_czas, film_id, sala_id) VALUES ('2025-07-02 22:00:00', 5, 3);
INSERT INTO seans (data_czas, film_id, sala_id) VALUES ('2025-07-02 10:00:00', 9, 4);
INSERT INTO seans (data_czas, film_id, sala_id) VALUES ('2025-07-02 12:00:00', 10, 4);
INSERT INTO seans (data_czas, film_id, sala_id) VALUES ('2025-07-02 14:00:00', 7, 4);
INSERT INTO seans (data_czas, film_id, sala_id) VALUES ('2025-07-02 16:00:00', 2, 4);
INSERT INTO seans (data_czas, film_id, sala_id) VALUES ('2025-07-02 18:00:00', 5, 4);
INSERT INTO seans (data_czas, film_id, sala_id) VALUES ('2025-07-02 20:00:00', 1, 4);
INSERT INTO seans (data_czas, film_id, sala_id) VALUES ('2025-07-02 22:00:00', 7, 4);
INSERT INTO seans (data_czas, film_id, sala_id) VALUES ('2025-07-02 10:00:00', 8, 5);
INSERT INTO seans (data_czas, film_id, sala_id) VALUES ('2025-07-02 12:00:00', 9, 5);
INSERT INTO seans (data_czas, film_id, sala_id) VALUES ('2025-07-02 14:00:00', 9, 5);
INSERT INTO seans (data_czas, film_id, sala_id) VALUES ('2025-07-02 16:00:00', 5, 5);
INSERT INTO seans (data_czas, film_id, sala_id) VALUES ('2025-07-02 18:00:00', 9, 5);
INSERT INTO seans (data_czas, film_id, sala_id) VALUES ('2025-07-02 20:00:00', 7, 5);
INSERT INTO seans (data_czas, film_id, sala_id) VALUES ('2025-07-02 22:00:00', 4, 5);
INSERT INTO seans (data_czas, film_id, sala_id) VALUES ('2025-07-03 10:00:00', 4, 1);
INSERT INTO seans (data_czas, film_id, sala_id) VALUES ('2025-07-03 12:00:00', 5, 1);
INSERT INTO seans (data_czas, film_id, sala_id) VALUES ('2025-07-03 14:00:00', 4, 1);
INSERT INTO seans (data_czas, film_id, sala_id) VALUES ('2025-07-03 16:00:00', 10, 1);
INSERT INTO seans (data_czas, film_id, sala_id) VALUES ('2025-07-03 18:00:00', 3, 1);
INSERT INTO seans (data_czas, film_id, sala_id) VALUES ('2025-07-03 20:00:00', 5, 1);
INSERT INTO seans (data_czas, film_id, sala_id) VALUES ('2025-07-03 22:00:00', 7, 1);
INSERT INTO seans (data_czas, film_id, sala_id) VALUES ('2025-07-03 10:00:00', 10, 2);
INSERT INTO seans (data_czas, film_id, sala_id) VALUES ('2025-07-03 12:00:00', 8, 2);
INSERT INTO seans (data_czas, film_id, sala_id) VALUES ('2025-07-03 14:00:00', 6, 2);
INSERT INTO seans (data_czas, film_id, sala_id) VALUES ('2025-07-03 16:00:00', 2, 2);
INSERT INTO seans (data_czas, film_id, sala_id) VALUES ('2025-07-03 18:00:00', 10, 2);
INSERT INTO seans (data_czas, film_id, sala_id) VALUES ('2025-07-03 20:00:00', 6, 2);
INSERT INTO seans (data_czas, film_id, sala_id) VALUES ('2025-07-03 22:00:00', 3, 2);
INSERT INTO seans (data_czas, film_id, sala_id) VALUES ('2025-07-03 10:00:00', 3, 3);
INSERT INTO seans (data_czas, film_id, sala_id) VALUES ('2025-07-03 12:00:00', 5, 3);
INSERT INTO seans (data_czas, film_id, sala_id) VALUES ('2025-07-03 14:00:00', 2, 3);
INSERT INTO seans (data_czas, film_id, sala_id) VALUES ('2025-07-03 16:00:00', 8, 3);
INSERT INTO seans (data_czas, film_id, sala_id) VALUES ('2025-07-03 18:00:00', 7, 3);
INSERT INTO seans (data_czas, film_id, sala_id) VALUES ('2025-07-03 20:00:00', 1, 3);
INSERT INTO seans (data_czas, film_id, sala_id) VALUES ('2025-07-03 22:00:00', 7, 3);
INSERT INTO seans (data_czas, film_id, sala_id) VALUES ('2025-07-03 10:00:00', 10, 4);
INSERT INTO seans (data_czas, film_id, sala_id) VALUES ('2025-07-03 12:00:00', 1, 4);
INSERT INTO seans (data_czas, film_id, sala_id) VALUES ('2025-07-03 14:00:00', 6, 4);
INSERT INTO seans (data_czas, film_id, sala_id) VALUES ('2025-07-03 16:00:00', 5, 4);
INSERT INTO seans (data_czas, film_id, sala_id) VALUES ('2025-07-03 18:00:00', 5, 4);
INSERT INTO seans (data_czas, film_id, sala_id) VALUES ('2025-07-03 20:00:00', 9, 4);
INSERT INTO seans (data_czas, film_id, sala_id) VALUES ('2025-07-03 22:00:00', 2, 4);
INSERT INTO seans (data_czas, film_id, sala_id) VALUES ('2025-07-03 10:00:00', 10, 5);
INSERT INTO seans (data_czas, film_id, sala_id) VALUES ('2025-07-03 12:00:00', 9, 5);
INSERT INTO seans (data_czas, film_id, sala_id) VALUES ('2025-07-03 14:00:00', 3, 5);
INSERT INTO seans (data_czas, film_id, sala_id) VALUES ('2025-07-03 16:00:00', 8, 5);
INSERT INTO seans (data_czas, film_id, sala_id) VALUES ('2025-07-03 18:00:00', 6, 5);
INSERT INTO seans (data_czas, film_id, sala_id) VALUES ('2025-07-03 20:00:00', 8, 5);
INSERT INTO seans (data_czas, film_id, sala_id) VALUES ('2025-07-03 22:00:00', 4, 5);
INSERT INTO seans (data_czas, film_id, sala_id) VALUES ('2025-07-04 10:00:00', 5, 1);
INSERT INTO seans (data_czas, film_id, sala_id) VALUES ('2025-07-04 12:00:00', 3, 1);
INSERT INTO seans (data_czas, film_id, sala_id) VALUES ('2025-07-04 14:00:00', 2, 1);
INSERT INTO seans (data_czas, film_id, sala_id) VALUES ('2025-07-04 16:00:00', 1, 1);
INSERT INTO seans (data_czas, film_id, sala_id) VALUES ('2025-07-04 18:00:00', 10, 1);
INSERT INTO seans (data_czas, film_id, sala_id) VALUES ('2025-07-04 20:00:00', 3, 1);
INSERT INTO seans (data_czas, film_id, sala_id) VALUES ('2025-07-04 22:00:00', 2, 1);
INSERT INTO seans (data_czas, film_id, sala_id) VALUES ('2025-07-04 10:00:00', 10, 2);
INSERT INTO seans (data_czas, film_id, sala_id) VALUES ('2025-07-04 12:00:00', 10, 2);
INSERT INTO seans (data_czas, film_id, sala_id) VALUES ('2025-07-04 14:00:00', 9, 2);
INSERT INTO seans (data_czas, film_id, sala_id) VALUES ('2025-07-04 16:00:00', 2, 2);
INSERT INTO seans (data_czas, film_id, sala_id) VALUES ('2025-07-04 18:00:00', 8, 2);
INSERT INTO seans (data_czas, film_id, sala_id) VALUES ('2025-07-04 20:00:00', 5, 2);
INSERT INTO seans (data_czas, film_id, sala_id) VALUES ('2025-07-04 22:00:00', 1, 2);
INSERT INTO seans (data_czas, film_id, sala_id) VALUES ('2025-07-04 10:00:00', 5, 3);
INSERT INTO seans (data_czas, film_id, sala_id) VALUES ('2025-07-04 12:00:00', 10, 3);
INSERT INTO seans (data_czas, film_id, sala_id) VALUES ('2025-07-04 14:00:00', 1, 3);
INSERT INTO seans (data_czas, film_id, sala_id) VALUES ('2025-07-04 16:00:00', 7, 3);
INSERT INTO seans (data_czas, film_id, sala_id) VALUES ('2025-07-04 18:00:00', 4, 3);
INSERT INTO seans (data_czas, film_id, sala_id) VALUES ('2025-07-04 20:00:00', 6, 3);
INSERT INTO seans (data_czas, film_id, sala_id) VALUES ('2025-07-04 22:00:00', 7, 3);
INSERT INTO seans (data_czas, film_id, sala_id) VALUES ('2025-07-04 10:00:00', 1, 4);
INSERT INTO seans (data_czas, film_id, sala_id) VALUES ('2025-07-04 12:00:00', 1, 4);
INSERT INTO seans (data_czas, film_id, sala_id) VALUES ('2025-07-04 14:00:00', 10, 4);
INSERT INTO seans (data_czas, film_id, sala_id) VALUES ('2025-07-04 16:00:00', 9, 4);
INSERT INTO seans (data_czas, film_id, sala_id) VALUES ('2025-07-04 18:00:00', 6, 4);
INSERT INTO seans (data_czas, film_id, sala_id) VALUES ('2025-07-04 20:00:00', 1, 4);
INSERT INTO seans (data_czas, film_id, sala_id) VALUES ('2025-07-04 22:00:00', 3, 4);
INSERT INTO seans (data_czas, film_id, sala_id) VALUES ('2025-07-04 10:00:00', 7, 5);
INSERT INTO seans (data_czas, film_id, sala_id) VALUES ('2025-07-04 12:00:00', 8, 5);
INSERT INTO seans (data_czas, film_id, sala_id) VALUES ('2025-07-04 14:00:00', 4, 5);
INSERT INTO seans (data_czas, film_id, sala_id) VALUES ('2025-07-04 16:00:00', 2, 5);
INSERT INTO seans (data_czas, film_id, sala_id) VALUES ('2025-07-04 18:00:00', 4, 5);
INSERT INTO seans (data_czas, film_id, sala_id) VALUES ('2025-07-04 20:00:00', 7, 5);
INSERT INTO seans (data_czas, film_id, sala_id) VALUES ('2025-07-04 22:00:00', 4, 5);